-- phpMyAdmin SQL Dump
-- version 4.8.0.1
-- https://www.phpmyadmin.net/
--
-- Host: 127.0.0.1
-- Generation Time: Apr 02, 2019 at 05:57 PM
-- Server version: 10.1.32-MariaDB
-- PHP Version: 7.2.5

SET SQL_MODE = "NO_AUTO_VALUE_ON_ZERO";
SET AUTOCOMMIT = 0;
START TRANSACTION;
SET time_zone = "+00:00";


/*!40101 SET @OLD_CHARACTER_SET_CLIENT=@@CHARACTER_SET_CLIENT */;
/*!40101 SET @OLD_CHARACTER_SET_RESULTS=@@CHARACTER_SET_RESULTS */;
/*!40101 SET @OLD_COLLATION_CONNECTION=@@COLLATION_CONNECTION */;
/*!40101 SET NAMES utf8mb4 */;

--
-- Database: `myruble`
--

-- --------------------------------------------------------

--
-- Table structure for table `game_levels`
--

CREATE TABLE `game_levels` (
  `id` int(11) NOT NULL,
  `level` int(11) NOT NULL,
  `level_start_xp` int(11) NOT NULL,
  `level_end_xp` int(11) NOT NULL,
  `time` int(11) NOT NULL,
  `task` int(11) NOT NULL,
  `heart_time` int(11) NOT NULL,
  `earn` float NOT NULL,
  `referral_percent` float NOT NULL,
  `earn_xp` int(11) NOT NULL
) ENGINE=InnoDB DEFAULT CHARSET=utf8;

--
-- Dumping data for table `game_levels`
--

INSERT INTO `game_levels` (`id`, `level`, `level_start_xp`, `level_end_xp`, `time`, `task`, `heart_time`, `earn`, `referral_percent`, `earn_xp`) VALUES
(1, 0, 0, 300, 60, 5, 10, 0.01, 5, 1),
(2, 1, 300, 600, 120, 10, 10, 0.02, 6, 2),
(3, 2, 600, 900, 120, 10, 10, 0.02, 7, 2);

-- --------------------------------------------------------

--
-- Table structure for table `game_logs`
--

CREATE TABLE `game_logs` (
  `id` int(11) NOT NULL,
  `user_id` int(11) NOT NULL,
  `task_success` int(11) NOT NULL,
  `task_fail` int(11) NOT NULL,
  `earn` float NOT NULL,
  `earn_referral` float NOT NULL,
  `status` int(11) NOT NULL COMMENT '0 = lose, 1 = win',
  `time` int(11) NOT NULL
) ENGINE=InnoDB DEFAULT CHARSET=utf8;

--
-- Dumping data for table `game_logs`
--

INSERT INTO `game_logs` (`id`, `user_id`, `task_success`, `task_fail`, `earn`, `earn_referral`, `status`, `time`) VALUES
(1, 3, 0, 5, 0, 0, 0, 1551775359),
(2, 3, 0, 5, 0, 0, 0, 1551775359),
(3, 3, 0, 0, 0, 0, 0, 1551775588),
(4, 3, 0, 0, 0, 0, 0, 1551775614),
(5, 3, 0, 0, 0, 0, 0, 1551775933),
(6, 3, 0, 0, 0, 0, 0, 1551777311),
(7, 3, 1, 4, 0, 0, 0, 1551777366),
(8, 3, 0, 1, 0, 0, 0, 1551777430),
(9, 3, 1, 0, 0, 0, 0, 1551777441),
(10, 3, 1, 1, 0, 0, 0, 1551777550),
(11, 3, 0, 0, 0, 0, 0, 1551782099),
(12, 3, 0, 0, 0, 0, 0, 1551782269),
(13, 3, 0, 0, 0, 0, 0, 1551782313),
(14, 3, 0, 0, 0, 0, 0, 1551782390),
(15, 3, 0, 0, 0, 0, 0, 1551782413),
(16, 3, 0, 0, 0, 0, 0, 1551782465),
(17, 3, 0, 0, 0, 0, 0, 1551782534),
(18, 3, 0, 0, 0, 0, 0, 1551782615),
(19, 2, 0, 0, 0, 0, 0, 1551782645),
(20, 1, 0, 0, 0, 0, 0, 1551784147),
(21, 1, 0, 0, 0, 0, 0, 1551785759),
(22, 1, 0, 0, 0, 0, 0, 1551785946),
(23, 1, 0, 0, 0, 0, 0, 1551786067),
(24, 1, 0, 0, 0, 0, 0, 1551786091),
(25, 1, 0, 0, 0, 0, 0, 1551786211),
(26, 1, 0, 0, 0, 0, 0, 1551786222),
(27, 1, 0, 0, 0, 0, 0, 1551786235),
(28, 1, 0, 0, 0, 0, 0, 1551786493),
(29, 1, 0, 0, 0, 0, 0, 1551786500),
(30, 1, 0, 0, 0, 0, 0, 1551786879),
(31, 1, 0, 0, 0, 0, 0, 1551786877),
(32, 1, 0, 0, 0, 0, 0, 1551786907),
(33, 1, 0, 0, 0, 0, 0, 1551786951),
(34, 1, 0, 0, 0, 0, 0, 1551787034),
(35, 1, 0, 0, 0, 0, 0, 1551787065),
(36, 1, 1, 0, 0, 0, 0, 1551787154),
(37, 1, 0, 0, 0, 0, 0, 1551787193),
(38, 1, 0, 0, 0, 0, 0, 1551787364),
(39, 1, 0, 0, 0, 0, 0, 1551788358),
(40, 1, 0, 0, 0, 0, 0, 1551790235),
(41, 1, 0, 0, 0, 0, 0, 1551790300),
(42, 1, 0, 0, 0, 0, 0, 1551790331),
(43, 1, 0, 0, 0, 0, 0, 1551790466),
(44, 1, 0, 0, 0, 0, 0, 1551878963),
(45, 1, 0, 0, 0, 0, 0, 1551879254),
(46, 1, 0, 0, 0, 0, 0, 1551879265),
(47, 1, 1, 0, 0, 0, 0, 1551879322),
(48, 1, 1, 0, 0, 0, 0, 1551879399),
(49, 1, 0, 0, 0, 0, 0, 1551879669),
(50, 1, 0, 0, 0, 0, 0, 1551880723),
(51, 1, 0, 0, 0, 0, 0, 1551880748),
(52, 1, 0, 0, 0, 0, 0, 1551880802),
(53, 1, 0, 0, 0, 0, 0, 1551880849),
(54, 1, 1, 0, 0, 0, 0, 1551880945),
(55, 1, 0, 0, 0, 0, 0, 1551881288),
(56, 1, 0, 0, 0, 0, 0, 1551881345),
(57, 1, 1, 0, 0, 0, 0, 1551881382),
(58, 1, 0, 0, 0, 0, 0, 1551894635),
(59, 1, 0, 0, 0, 0, 0, 1551948893),
(60, 1, 0, 0, 0, 0, 0, 1551949132),
(61, 1, 0, 0, 0, 0, 0, 1551949583),
(62, 1, 0, 0, 0, 0, 0, 1551949997),
(63, 1, 0, 0, 0, 0, 0, 1551950277),
(64, 1, 0, 0, 0, 0, 0, 1551950738),
(65, 1, 0, 0, 0, 0, 0, 1551950931),
(66, 1, 0, 0, 0, 0, 0, 1551952002),
(67, 1, 1, 0, 0, 0, 0, 1551952138),
(68, 1, 0, 0, 0, 0, 0, 1551952368),
(69, 1, 0, 0, 0, 0, 0, 1551952575),
(70, 1, 0, 0, 0, 0, 0, 1551952966),
(71, 1, 0, 0, 0, 0, 0, 1551953038),
(72, 1, 0, 0, 0, 0, 0, 1551953192),
(73, 1, 0, 0, 0, 0, 0, 1551953428),
(74, 1, 0, 0, 0, 0, 0, 1551953511),
(75, 1, 0, 0, 0, 0, 0, 1551953634),
(76, 1, 0, 0, 0, 0, 0, 1551953709),
(77, 1, 0, 0, 0, 0, 0, 1551953717),
(78, 1, 0, 0, 0, 0, 0, 1551954118),
(79, 1, 0, 0, 0, 0, 0, 1551954187),
(80, 1, 0, 0, 0, 0, 0, 1551954256),
(81, 1, 1, 0, 0, 0, 0, 1551954668),
(82, 1, 0, 0, 0, 0, 0, 1551954790),
(83, 1, 0, 0, 0, 0, 0, 1551955034),
(84, 1, 0, 0, 0, 0, 0, 1551955193),
(85, 1, 0, 0, 0, 0, 0, 1551955302),
(86, 1, 0, 0, 0, 0, 0, 1551955485),
(87, 1, 0, 0, 0, 0, 0, 1551955635),
(88, 1, 0, 0, 0, 0, 0, 1551955940),
(89, 1, 0, 0, 0, 0, 0, 1551956007),
(90, 1, 0, 0, 0, 0, 0, 1551956266),
(91, 1, 0, 0, 0, 0, 0, 1551956336),
(92, 1, 0, 0, 0, 0, 0, 1551956418),
(93, 1, 0, 0, 0, 0, 0, 1551956531),
(94, 1, 1, 0, 0, 0, 0, 1551956770),
(95, 1, 0, 0, 0, 0, 0, 1551956835),
(96, 1, 0, 0, 0, 0, 0, 1551956901),
(97, 1, 0, 0, 0, 0, 0, 1551957286),
(98, 1, 0, 0, 0, 0, 0, 1551957381),
(99, 1, 0, 0, 0, 0, 0, 1551957512),
(100, 1, 0, 0, 0, 0, 0, 1551957583),
(101, 1, 0, 0, 0, 0, 0, 1551957882),
(102, 1, 0, 0, 0, 0, 0, 1551958063),
(103, 1, 0, 0, 0, 0, 0, 1551958939),
(104, 1, 0, 0, 0, 0, 0, 1551959064),
(105, 1, 0, 0, 0, 0, 0, 1551959139),
(106, 1, 0, 0, 0, 0, 0, 1551959351),
(107, 1, 0, 0, 0, 0, 0, 1551959477),
(108, 1, 0, 0, 0, 0, 0, 1551959575),
(109, 1, 0, 0, 0, 0, 0, 1551959640),
(110, 1, 0, 0, 0, 0, 0, 1551959695),
(111, 1, 0, 0, 0, 0, 0, 1551959742),
(112, 1, 0, 0, 0, 0, 0, 1551960053),
(113, 1, 0, 0, 0, 0, 0, 1551960213),
(114, 1, 0, 0, 0, 0, 0, 1551960217),
(115, 1, 0, 0, 0, 0, 0, 1551960289),
(116, 1, 0, 0, 0, 0, 0, 1551960295),
(117, 1, 0, 0, 0, 0, 0, 1551960366),
(118, 1, 0, 0, 0, 0, 0, 1551960453),
(119, 1, 0, 0, 0, 0, 0, 1551960556),
(120, 1, 0, 0, 0, 0, 0, 1551960672),
(121, 1, 0, 0, 0, 0, 0, 1551960771),
(122, 1, 0, 0, 0, 0, 0, 1551960837),
(123, 1, 0, 0, 0, 0, 0, 1551960861),
(124, 1, 0, 4, 0, 0, 0, 1551961642),
(125, 1, 0, 0, 0, 0, 0, 1551961744),
(126, 1, 0, 0, 0, 0, 0, 1552042359),
(127, 1, 0, 0, 0, 0, 0, 1552043330),
(128, 1, 0, 0, 0, 0, 0, 1552043879),
(129, 1, 0, 0, 0, 0, 0, 1552310778),
(130, 1, 0, 0, 0, 0, 0, 1552312975),
(131, 1, 0, 0, 0, 0, 0, 1552378073),
(132, 1, 0, 0, 0, 0, 0, 1552378077),
(133, 1, 0, 0, 0, 0, 0, 1552378081),
(134, 1, 0, 0, 0, 0, 0, 1552378187),
(135, 1, 0, 0, 0, 0, 0, 1552378190),
(136, 1, 0, 0, 0, 0, 0, 1552378192),
(137, 1, 0, 0, 0, 0, 0, 1552378277),
(138, 1, 0, 0, 0, 0, 0, 1552378282),
(139, 1, 0, 0, 0, 0, 0, 1552378289),
(140, 1, 0, 0, 0, 0, 0, 1552378291),
(141, 1, 0, 0, 0, 0, 0, 1552378291),
(142, 1, 0, 0, 0, 0, 0, 1552378294),
(143, 1, 0, 0, 0, 0, 0, 1552378294),
(144, 1, 0, 0, 0, 0, 0, 1552378295),
(145, 1, 0, 0, 0, 0, 0, 1552378298),
(146, 1, 0, 0, 0, 0, 0, 1552378298),
(147, 1, 0, 0, 0, 0, 0, 1552378298),
(148, 1, 0, 0, 0, 0, 0, 1552378300),
(149, 1, 0, 0, 0, 0, 0, 1552378301),
(150, 1, 0, 0, 0, 0, 0, 1552378305),
(151, 1, 0, 0, 0, 0, 0, 1552378305),
(152, 1, 0, 0, 0, 0, 0, 1552378309),
(153, 1, 0, 0, 0, 0, 0, 1552378309),
(154, 1, 0, 0, 0, 0, 0, 1552378359),
(155, 1, 0, 0, 0, 0, 0, 1552378359),
(156, 1, 0, 0, 0, 0, 0, 1552378364),
(157, 1, 0, 0, 0, 0, 0, 1552378501),
(158, 1, 0, 0, 0, 0, 0, 1552378525),
(159, 1, 0, 0, 0, 0, 0, 1552378525),
(160, 1, 0, 0, 0, 0, 0, 1552378526),
(161, 1, 0, 0, 0, 0, 0, 1552378527),
(162, 1, 0, 0, 0, 0, 0, 1552378527),
(163, 1, 0, 0, 0, 0, 0, 1552378530),
(164, 1, 0, 0, 0, 0, 0, 1552378532),
(165, 1, 0, 0, 0, 0, 0, 1552378533),
(166, 1, 0, 0, 0, 0, 0, 1552378535),
(167, 1, 0, 0, 0, 0, 0, 1552378538),
(168, 1, 0, 0, 0, 0, 0, 1552378541),
(169, 1, 0, 0, 0, 0, 0, 1552378544),
(170, 1, 0, 0, 0, 0, 0, 1552378790),
(171, 1, 0, 0, 0, 0, 0, 1552379043),
(172, 1, 0, 0, 0, 0, 0, 1552379162),
(173, 1, 0, 0, 0, 0, 0, 1552379162),
(174, 1, 0, 0, 0, 0, 0, 1552379192),
(175, 1, 1, 0, 0.25, 0, 1, 1552379953),
(176, 1, 1, 0, 0.25, 0, 1, 1552380012),
(177, 1, 0, 1, 0, 0, 0, 1552380036),
(178, 1, 0, 4, 0, 0, 0, 1552380052),
(179, 1, 0, 0, 0, 0, 0, 1552380056),
(180, 1, 0, 0, 0, 0, 0, 1552380372),
(181, 1, 0, 0, 0, 0, 0, 1552380459),
(182, 1, 0, 0, 0, 0, 0, 1552380471),
(183, 1, 1, 0, 0.25, 0, 1, 1552380481),
(184, 1, 0, 0, 0, 0, 0, 1552380495),
(185, 1, 0, 0, 0, 0, 0, 1552380504),
(186, 1, 0, 1, 0, 0, 0, 1552380516),
(187, 1, 0, 0, 0, 0, 0, 1552380520),
(188, 1, 0, 1, 0, 0, 0, 1552380532),
(189, 1, 0, 1, 0, 0, 0, 1552380546),
(190, 1, 1, 0, 0.25, 0, 1, 1552380553),
(191, 1, 1, 0, 0.25, 0, 1, 1552380586),
(192, 1, 1, 0, 0.25, 0, 1, 1552381162),
(193, 1, 0, 0, 0, 0, 0, 1552381177),
(194, 1, 0, 0, 0, 0, 0, 1552381190),
(195, 1, 0, 0, 0, 0, 0, 1552381227),
(196, 1, 1, 0, 0.25, 0, 1, 1552382522),
(197, 1, 1, 0, 0.25, 0, 1, 1552382543),
(198, 1, 0, 0, 0, 0, 0, 1552382559),
(199, 1, 1, 0, 0.25, 0, 1, 1552382569),
(200, 1, 0, 0, 0, 0, 0, 1552382603),
(201, 1, 0, 0, 0, 0, 0, 1552383202),
(202, 1, 1, 0, 0.25, 0, 1, 1552383211),
(203, 1, 0, 0, 0, 0, 0, 1552383482),
(204, 1, 0, 0, 0, 0, 0, 1552383530),
(205, 1, 0, 0, 0, 0, 0, 1552383619),
(206, 1, 0, 0, 0, 0, 0, 1552383680),
(207, 1, 0, 0, 0, 0, 0, 1552383711),
(208, 1, 0, 0, 0, 0, 0, 1552383781),
(209, 1, 0, 0, 0, 0, 0, 1552383812),
(210, 1, 0, 0, 0, 0, 0, 1552383971),
(211, 1, 0, 0, 0, 0, 0, 1552385329),
(212, 1, 0, 0, 0, 0, 0, 1552385359),
(213, 1, 0, 0, 0, 0, 0, 1552385392),
(214, 1, 0, 0, 0, 0, 0, 1552385492),
(215, 1, 0, 0, 0, 0, 0, 1552385572),
(216, 1, 0, 0, 0, 0, 0, 1552385630),
(217, 1, 0, 0, 0, 0, 0, 1552385694),
(218, 1, 0, 0, 0, 0, 0, 1552385710),
(219, 1, 0, 0, 0, 0, 0, 1552385772),
(220, 1, 0, 0, 0, 0, 0, 1552385786),
(221, 1, 0, 0, 0, 0, 0, 1552385879),
(222, 1, 0, 0, 0, 0, 0, 1552385896),
(223, 1, 0, 0, 0, 0, 0, 1552385952),
(224, 1, 0, 0, 0, 0, 0, 1552386026),
(225, 1, 0, 0, 0, 0, 0, 1552386169),
(226, 1, 0, 0, 0, 0, 0, 1552386192),
(227, 1, 0, 0, 0, 0, 0, 1552386196),
(228, 1, 0, 0, 0, 0, 0, 1552386237),
(229, 1, 0, 0, 0, 0, 0, 1552386237),
(230, 1, 0, 0, 0, 0, 0, 1552386248),
(231, 1, 0, 0, 0, 0, 0, 1552387346),
(232, 1, 0, 0, 0, 0, 0, 1552387418),
(233, 1, 0, 0, 0, 0, 0, 1552387467),
(234, 1, 0, 0, 0, 0, 0, 1552387474),
(235, 1, 0, 0, 0, 0, 0, 1552387490),
(236, 1, 0, 0, 0, 0, 0, 1552387505),
(237, 1, 0, 0, 0, 0, 0, 1552387521),
(238, 1, 0, 1, 0, 0, 0, 1552910258),
(239, 1, 0, 0, 0, 0, 0, 1552921082),
(240, 0, 0, 0, 0, 0, 0, 1552928927),
(241, 1, 0, 0, 0, 0, 0, 1552936807),
(242, 1, 1, 0, 0.25, 0, 1, 1553072693),
(243, 1, 1, 0, 0.25, 0, 1, 1553073619),
(244, 1, 1, 0, 0.25, 0, 1, 1553073645),
(245, 1, 0, 0, 0, 0, 0, 1553104595),
(246, 1, 0, 0, 0, 0, 0, 1553104597),
(247, 1, 0, 0, 0, 0, 0, 1553104601),
(248, 1, 0, 1, 0, 0, 0, 1553857189),
(249, 1, 0, 1, 0, 0, 0, 1553857279),
(250, 1, 0, 1, 0, 0, 0, 1553857312),
(251, 1, 1, 0, 0.25, 0, 1, 1553857330),
(252, 1, 1, 0, 0.25, 0, 1, 1553863542),
(253, 9, 3, 3, 0, 0, 0, 1554136785),
(254, 9, 3, 3, 0, 0, 0, 1554136877),
(255, 9, 4, 3, 0, 0, 0, 1554136965),
(256, 9, 5, 0, 0.01, 0, 1, 1554137035),
(257, 9, 4, 2, 0, 0, 0, 1554137272),
(258, 9, 5, 0, 0.01, 0, 1, 1554137375),
(259, 9, 5, 0, 0.01, 0.01, 1, 1554137532),
(260, 9, 5, 0, 0.01, 0.005, 1, 1554137752),
(261, 9, 5, 0, 0.01, 0.005, 1, 1554140198),
(262, 9, 0, 0, 0, 0, 0, 1554140211),
(263, 9, 0, 0, 0, 0, 0, 1554140674),
(264, 9, 0, 0, 0, 0, 0, 1554140675),
(265, 9, 0, 0, 0, 0, 0, 1554140675),
(266, 9, 0, 0, 0, 0, 0, 1554140675),
(267, 9, 0, 0, 0, 0, 0, 1554140673),
(268, 9, 0, 0, 0, 0, 0, 1554141146),
(269, 9, 0, 0, 0, 0, 0, 1554141224),
(270, 9, 0, 0, 0, 0, 0, 1554141224),
(271, 9, 0, 0, 0, 0, 0, 1554141233),
(272, 9, 0, 0, 0, 0, 0, 1554141550),
(273, 9, 0, 0, 0, 0, 0, 1554141594),
(274, 9, 0, 0, 0, 0, 0, 1554142062),
(275, 9, 0, 0, 0, 0, 0, 1554142066),
(276, 9, 0, 0, 0, 0, 0, 1554142130),
(277, 9, 0, 0, 0, 0, 0, 1554143727),
(278, 9, 0, 0, 0, 0, 0, 1554143735),
(279, 9, 0, 0, 0, 0, 0, 1554143809),
(280, 9, 0, 0, 0, 0, 0, 1554144019),
(281, 9, 0, 0, 0, 0, 0, 1554144084),
(282, 9, 0, 0, 0, 0, 0, 1554144106),
(283, 9, 0, 0, 0, 0, 0, 1554144224),
(284, 9, 0, 0, 0, 0, 0, 1554144243),
(285, 9, 0, 0, 0, 0, 0, 1554144286),
(286, 9, 0, 0, 0, 0, 0, 1554145249),
(287, 9, 0, 0, 0, 0, 0, 1554146078),
(288, 9, 0, 0, 0, 0, 0, 1554146094),
(289, 9, 0, 0, 0, 0, 0, 1554146609),
(290, 9, 0, 0, 0, 0, 0, 1554146717),
(291, 9, 0, 0, 0, 0, 0, 1554146734),
(292, 9, 0, 0, 0, 0, 0, 1554146750),
(293, 9, 0, 0, 0, 0, 0, 1554146781),
(294, 9, 0, 0, 0, 0, 0, 1554147803),
(295, 9, 5, 0, 0.01, 0.005, 1, 1554148193),
(296, 9, 0, 0, 0, 0, 0, 1554148217),
(297, 9, 5, 0, 0.01, 0.005, 1, 1554148265),
(298, 9, 5, 1, 0.01, 0.005, 1, 1554148347),
(299, 9, 0, 0, 0, 0, 0, 1554194455),
(300, 9, 0, 0, 0, 0, 0, 1554194716),
(301, 9, 0, 0, 0, 0, 0, 1554195338),
(302, 9, 4, 3, 0, 0, 0, 1554195503),
(303, 9, 0, 0, 0, 0, 0, 1554195951),
(304, 9, 0, 0, 0, 0, 0, 1554195987),
(305, 9, 0, 0, 0, 0, 0, 1554196003),
(306, 9, 0, 0, 0, 0, 0, 1554196050),
(307, 9, 5, 3, 0.01, 0.005, 1, 1554196251),
(308, 9, 0, 0, 0, 0, 0, 1554196383),
(309, 9, 0, 0, 0, 0, 0, 1554196520),
(310, 9, 0, 0, 0, 0, 0, 1554197389),
(311, 9, 0, 0, 0, 0, 0, 1554198223),
(312, 9, 0, 0, 0, 0, 0, 1554198272),
(313, 7, 0, 0, 0, 0, 0, 1554218132),
(314, 7, 0, 0, 0, 0, 0, 1554218137),
(315, 7, 0, 0, 0, 0, 0, 1554218140),
(316, 7, 0, 0, 0, 0, 0, 1554220161),
(317, 7, 0, 0, 0, 0, 0, 1554220343);

-- --------------------------------------------------------

--
-- Table structure for table `payment_methods`
--

CREATE TABLE `payment_methods` (
  `id` int(11) NOT NULL,
  `method` int(11) NOT NULL COMMENT '1 = yandex, 2 = payeer, 3 = webmoney',
  `min_withdraw` float NOT NULL,
  `commission` float NOT NULL,
  `status` int(11) NOT NULL COMMENT '0 = deactive, 1 = active'
) ENGINE=InnoDB DEFAULT CHARSET=utf8;

--
-- Dumping data for table `payment_methods`
--

INSERT INTO `payment_methods` (`id`, `method`, `min_withdraw`, `commission`, `status`) VALUES
(1, 1, 5, 0.5, 1),
(2, 2, 5, 0.95, 1),
(3, 3, 5, 0.8, 1);

-- --------------------------------------------------------

--
-- Table structure for table `users`
--

CREATE TABLE `users` (
  `id` int(11) NOT NULL,
  `name` varchar(255) NOT NULL,
  `surname` varchar(255) NOT NULL,
  `username` varchar(255) NOT NULL,
  `email` varchar(255) NOT NULL,
  `pass` varchar(255) NOT NULL,
  `balance` float NOT NULL,
  `level_xp` int(11) NOT NULL,
  `heart` int(11) NOT NULL,
  `notify_heart_time` int(11) NOT NULL,
  `firebase_token` text NOT NULL,
  `register_time` int(11) NOT NULL,
  `referral_code` varchar(255) DEFAULT NULL
) ENGINE=InnoDB DEFAULT CHARSET=utf8;

--
-- Dumping data for table `users`
--

INSERT INTO `users` (`id`, `name`, `surname`, `username`, `email`, `pass`, `balance`, `level_xp`, `heart`, `notify_heart_time`, `firebase_token`, `register_time`, `referral_code`) VALUES
(1, 'Enver', 'Abbasov', 'enver435', 'abbasovenver1999@gmail.com', 'b6ffb8cb3fc96d5a259b36d103131d7d', 61.75, 200, 1, 0, 'cJnLmADAtFU:APA91bFWPzATUevbOXlYzMB0EtcpmNzG5nDDVJZauE_q3cKAAGaElDpA15H8aJpWINnawkI5q1rKyTUIIFOHfibG-iGcx0yRR3bJJj8hjUH-PWBw1KGRroVI_pC1-1TI1WHNF3NMZLDA', 0, NULL),
(2, '', '', 'enver555', 'abbasov-enver@mail.ru', 'b6ffb8cb3fc96d5a259b36d103131d7d', 0, 0, 0, 0, '', 0, NULL),
(3, '', '', 'blackrast', 'babayevmanaf1995@gmail.com', 'e10adc3949ba59abbe56e057f20f883e', 0, 0, 3, 0, 'eigai1-BOyM:APA91bHv6hNcumWnQBMApKQHfqfM-VehhHMELvF5R8vqSCE_TF7Y-ThnoS-tOA7CDt9N9NpQC1GGSLn8b8WNZE5LQP3-vx1_sCgRLGKT_9M4ujj263qTkzVd66OkdpcCFJxHS2tWorwh', 0, NULL),
(4, '', '', 'testuser', 'test@mail.com', 'e10adc3949ba59abbe56e057f20f883e', 0, 0, 3, 0, '', 0, NULL),
(5, '', '', 'ttt435', 'gggg@gmail.com', 'b6ffb8cb3fc96d5a259b36d103131d7d', 0, 0, 3, 0, 'eigai1-BOyM:APA91bHv6hNcumWnQBMApKQHfqfM-VehhHMELvF5R8vqSCE_TF7Y-ThnoS-tOA7CDt9N9NpQC1GGSLn8b8WNZE5LQP3-vx1_sCgRLGKT_9M4ujj263qTkzVd66OkdpcCFJxHS2tWorwh', 0, NULL),
(6, '', '', 'hjdkooopp', 'fgh@gmail.com', 'b6ffb8cb3fc96d5a259b36d103131d7d', 0, 0, 3, 0, 'cJnLmADAtFU:APA91bFWPzATUevbOXlYzMB0EtcpmNzG5nDDVJZauE_q3cKAAGaElDpA15H8aJpWINnawkI5q1rKyTUIIFOHfibG-iGcx0yRR3bJJj8hjUH-PWBw1KGRroVI_pC1-1TI1WHNF3NMZLDA', 0, NULL),
(7, '', '', 'enver557', 'abbasovenver@gmail.com', 'b6ffb8cb3fc96d5a259b36d103131d7d', 0.04, 0, 0, 0, 'cJnLmADAtFU:APA91bFWPzATUevbOXlYzMB0EtcpmNzG5nDDVJZauE_q3cKAAGaElDpA15H8aJpWINnawkI5q1rKyTUIIFOHfibG-iGcx0yRR3bJJj8hjUH-PWBw1KGRroVI_pC1-1TI1WHNF3NMZLDA', 1554130670, '007000'),
(8, '', '', 'rrr555', 'abbs@gmail.com', 'b6ffb8cb3fc96d5a259b36d103131d7d', 0, 0, 3, 0, 'cJnLmADAtFU:APA91bFWPzATUevbOXlYzMB0EtcpmNzG5nDDVJZauE_q3cKAAGaElDpA15H8aJpWINnawkI5q1rKyTUIIFOHfibG-iGcx0yRR3bJJj8hjUH-PWBw1KGRroVI_pC1-1TI1WHNF3NMZLDA', 1554131201, '008000'),
(9, '', '', 'rrr5554', 'ababs@gmail.com', 'b6ffb8cb3fc96d5a259b36d103131d7d', 0.09, 950, 0, 0, 'cJnLmADAtFU:APA91bFWPzATUevbOXlYzMB0EtcpmNzG5nDDVJZauE_q3cKAAGaElDpA15H8aJpWINnawkI5q1rKyTUIIFOHfibG-iGcx0yRR3bJJj8hjUH-PWBw1KGRroVI_pC1-1TI1WHNF3NMZLDA', 1554131269, '009000');

-- --------------------------------------------------------

--
-- Table structure for table `user_referrals`
--

CREATE TABLE `user_referrals` (
  `id` int(11) NOT NULL,
  `user_id` int(11) NOT NULL,
  `ref_user_id` int(11) NOT NULL,
  `time` int(11) NOT NULL
) ENGINE=InnoDB DEFAULT CHARSET=utf8;

--
-- Dumping data for table `user_referrals`
--

INSERT INTO `user_referrals` (`id`, `user_id`, `ref_user_id`, `time`) VALUES
(1, 8, 7, 1534693171),
(2, 9, 7, 1554131269);

-- --------------------------------------------------------

--
-- Table structure for table `withdraws`
--

CREATE TABLE `withdraws` (
  `id` int(11) NOT NULL,
  `user_id` int(11) NOT NULL,
  `amount` float NOT NULL,
  `commission` float NOT NULL,
  `payment_method` int(11) NOT NULL COMMENT '0 = unknown, 1 = yandex, 2 = payeer, 3 = webmoney',
  `wallet_number` varchar(255) NOT NULL,
  `payment_status` int(11) NOT NULL COMMENT ' 0 = waiting, 1 = paid, 2 = not paid',
  `not_paid_type` int(11) NOT NULL COMMENT '0 = other, 1 = wallet incorrect',
  `not_paid_message` text NOT NULL,
  `time` int(11) NOT NULL
) ENGINE=InnoDB DEFAULT CHARSET=utf8;

--
-- Dumping data for table `withdraws`
--

INSERT INTO `withdraws` (`id`, `user_id`, `amount`, `commission`, `payment_method`, `wallet_number`, `payment_status`, `not_paid_type`, `not_paid_message`, `time`) VALUES
(1, 1, 5, 0.5, 1, '156467567569', 1, 0, '', 1549045007),
(2, 1, 5, 0.5, 2, '156467567569', 1, 0, '', 1549045007),
(3, 1, 5, 0.5, 2, '156467567569', 1, 0, '', 1549045007),
(4, 1, 5, 0.5, 2, '156467567569', 1, 0, '', 1549045007),
(5, 1, 5, 0.5, 2, '156467567569', 1, 0, '', 1549045007),
(6, 1, 5, 0.5, 2, '156467567569', 1, 0, '', 1549045007),
(7, 1, 5, 0.5, 2, '156467567569', 1, 0, '', 1549045007),
(8, 1, 5, 0.5, 2, '156467567569', 1, 0, '', 1549045007),
(9, 1, 5, 0.5, 2, '156467567569', 1, 0, '', 1549045007),
(10, 1, 5, 0.5, 2, '156467567569', 1, 0, '', 1549045007),
(11, 1, 5, 0.5, 2, '156467567569', 0, 0, '', 1549045007),
(12, 1, 5.7, 0.5, 1, '344748383829', 2, 0, 'Ваш 344748383829 кошелек неверен. Пожалуйста, проверьте другой кошелек', 1553101232),
(13, 1, 5.6, 0.5, 1, '63737e7', 1, 0, '', 1553102484),
(14, 1, 5.6, 0.5, 1, '374747', 2, 0, 'dwqdqwdqwdqwdqwfefwef', 1553102668),
(15, 0, 56, 0.5, 1, 'tyhhh', 0, 0, '', 1553188967),
(16, 0, 56, 0.5, 1, 'yyygg', 0, 0, '', 1553189027),
(17, 0, 56, 0.5, 1, 'hfghfh', 0, 0, '', 1553189106),
(18, 0, 56, 0.5, 1, 'yudh', 0, 0, '', 1553189184),
(19, 1, 5.9, 0.5, 1, 'hdhd', 2, 0, 'Ваш hdhd кошелек неверен. Пожалуйста, проверьте другой кошелек', 1553189297),
(20, 1, 5.9, 0.5, 1, '45566732244', 2, 0, 'Ваш 45566732244 кошелек неверен. Пожалуйста, проверьте другой кошелек', 1553189559),
(21, 1, 5.9, 0.5, 1, '56789', 2, 0, '', 1553189776),
(22, 1, 5.9, 0.5, 1, '45677', 1, 0, '', 1553190900),
(23, 1, 5, 0.5, 1, '6666666555', 2, 1, '', 1553840493);

--
-- Indexes for dumped tables
--

--
-- Indexes for table `game_levels`
--
ALTER TABLE `game_levels`
  ADD PRIMARY KEY (`id`);

--
-- Indexes for table `game_logs`
--
ALTER TABLE `game_logs`
  ADD PRIMARY KEY (`id`),
  ADD KEY `user_id` (`user_id`),
  ADD KEY `status` (`status`);

--
-- Indexes for table `payment_methods`
--
ALTER TABLE `payment_methods`
  ADD PRIMARY KEY (`id`);

--
-- Indexes for table `users`
--
ALTER TABLE `users`
  ADD PRIMARY KEY (`id`),
  ADD UNIQUE KEY `username` (`username`),
  ADD UNIQUE KEY `email` (`email`),
  ADD UNIQUE KEY `referral_code` (`referral_code`) USING BTREE;

--
-- Indexes for table `user_referrals`
--
ALTER TABLE `user_referrals`
  ADD PRIMARY KEY (`id`),
  ADD KEY `user_id` (`user_id`),
  ADD KEY `ref_user_id` (`ref_user_id`);

--
-- Indexes for table `withdraws`
--
ALTER TABLE `withdraws`
  ADD PRIMARY KEY (`id`),
  ADD KEY `user_id` (`user_id`),
  ADD KEY `payment_method` (`payment_method`),
  ADD KEY `payment_status` (`payment_status`),
  ADD KEY `not_paid_type` (`not_paid_type`);

--
-- AUTO_INCREMENT for dumped tables
--

--
-- AUTO_INCREMENT for table `game_levels`
--
ALTER TABLE `game_levels`
  MODIFY `id` int(11) NOT NULL AUTO_INCREMENT, AUTO_INCREMENT=4;

--
-- AUTO_INCREMENT for table `game_logs`
--
ALTER TABLE `game_logs`
  MODIFY `id` int(11) NOT NULL AUTO_INCREMENT, AUTO_INCREMENT=318;

--
-- AUTO_INCREMENT for table `payment_methods`
--
ALTER TABLE `payment_methods`
  MODIFY `id` int(11) NOT NULL AUTO_INCREMENT, AUTO_INCREMENT=4;

--
-- AUTO_INCREMENT for table `users`
--
ALTER TABLE `users`
  MODIFY `id` int(11) NOT NULL AUTO_INCREMENT, AUTO_INCREMENT=10;

--
-- AUTO_INCREMENT for table `user_referrals`
--
ALTER TABLE `user_referrals`
  MODIFY `id` int(11) NOT NULL AUTO_INCREMENT, AUTO_INCREMENT=4;

--
-- AUTO_INCREMENT for table `withdraws`
--
ALTER TABLE `withdraws`
  MODIFY `id` int(11) NOT NULL AUTO_INCREMENT, AUTO_INCREMENT=24;
COMMIT;

/*!40101 SET CHARACTER_SET_CLIENT=@OLD_CHARACTER_SET_CLIENT */;
/*!40101 SET CHARACTER_SET_RESULTS=@OLD_CHARACTER_SET_RESULTS */;
/*!40101 SET COLLATION_CONNECTION=@OLD_COLLATION_CONNECTION */;
