-- phpMyAdmin SQL Dump
-- version 4.8.0.1
-- https://www.phpmyadmin.net/
--
-- Host: 127.0.0.1
-- Generation Time: Apr 23, 2019 at 05:54 PM
-- Server version: 10.1.32-MariaDB
-- PHP Version: 7.2.5

SET SQL_MODE = "NO_AUTO_VALUE_ON_ZERO";
SET AUTOCOMMIT = 0;
START TRANSACTION;
SET time_zone = "+00:00";


/*!40101 SET @OLD_CHARACTER_SET_CLIENT=@@CHARACTER_SET_CLIENT */;
/*!40101 SET @OLD_CHARACTER_SET_RESULTS=@@CHARACTER_SET_RESULTS */;
/*!40101 SET @OLD_COLLATION_CONNECTION=@@COLLATION_CONNECTION */;
/*!40101 SET NAMES utf8mb4 */;

--
-- Database: `myruble`
--

-- --------------------------------------------------------

--
-- Table structure for table `game_levels`
--

CREATE TABLE `game_levels` (
  `id` int(11) NOT NULL,
  `level` int(11) NOT NULL,
  `level_start_xp` int(11) NOT NULL,
  `level_end_xp` int(11) NOT NULL,
  `time` int(11) NOT NULL,
  `task` int(11) NOT NULL,
  `heart` int(11) NOT NULL,
  `heart_time` int(11) NOT NULL,
  `earn` float NOT NULL,
  `referral_percent` float NOT NULL,
  `earn_xp` int(11) NOT NULL
) ENGINE=InnoDB DEFAULT CHARSET=utf8;

--
-- Dumping data for table `game_levels`
--

INSERT INTO `game_levels` (`id`, `level`, `level_start_xp`, `level_end_xp`, `time`, `task`, `heart`, `heart_time`, `earn`, `referral_percent`, `earn_xp`) VALUES
(1, 0, 0, 300, 60, 5, 1, 50, 0.01, 5, 1),
(2, 1, 300, 600, 120, 10, 5, 50, 0.02, 6, 2),
(3, 2, 600, 0, 120, 10, 10, 10, 0.02, 7, 2);

-- --------------------------------------------------------

--
-- Table structure for table `game_logs`
--

CREATE TABLE `game_logs` (
  `id` int(11) NOT NULL,
  `user_id` int(11) NOT NULL,
  `task_success` int(11) NOT NULL,
  `task_fail` int(11) NOT NULL,
  `earn` float NOT NULL,
  `earn_referral` float NOT NULL,
  `status` int(11) NOT NULL COMMENT '0 = lose, 1 = win',
  `time` int(11) NOT NULL
) ENGINE=InnoDB DEFAULT CHARSET=utf8;

--
-- Dumping data for table `game_logs`
--

INSERT INTO `game_logs` (`id`, `user_id`, `task_success`, `task_fail`, `earn`, `earn_referral`, `status`, `time`) VALUES
(1, 3, 0, 5, 0, 0, 0, 1551775359),
(2, 3, 0, 5, 0, 0, 0, 1551775359),
(3, 3, 0, 0, 0, 0, 0, 1551775588),
(4, 3, 0, 0, 0, 0, 0, 1551775614),
(5, 3, 0, 0, 0, 0, 0, 1551775933),
(6, 3, 0, 0, 0, 0, 0, 1551777311),
(7, 3, 1, 4, 0, 0, 0, 1551777366),
(8, 3, 0, 1, 0, 0, 0, 1551777430),
(9, 3, 1, 0, 0, 0, 0, 1551777441),
(10, 3, 1, 1, 0, 0, 0, 1551777550),
(11, 3, 0, 0, 0, 0, 0, 1551782099),
(12, 3, 0, 0, 0, 0, 0, 1551782269),
(13, 3, 0, 0, 0, 0, 0, 1551782313),
(14, 3, 0, 0, 0, 0, 0, 1551782390),
(15, 3, 0, 0, 0, 0, 0, 1551782413),
(16, 3, 0, 0, 0, 0, 0, 1551782465),
(17, 3, 0, 0, 0, 0, 0, 1551782534),
(18, 3, 0, 0, 0, 0, 0, 1551782615),
(19, 2, 0, 0, 0, 0, 0, 1551782645),
(20, 1, 0, 0, 0, 0, 0, 1551784147),
(21, 1, 0, 0, 0, 0, 0, 1551785759),
(22, 1, 0, 0, 0, 0, 0, 1551785946),
(23, 1, 0, 0, 0, 0, 0, 1551786067),
(24, 1, 0, 0, 0, 0, 0, 1551786091),
(25, 1, 0, 0, 0, 0, 0, 1551786211),
(26, 1, 0, 0, 0, 0, 0, 1551786222),
(27, 1, 0, 0, 0, 0, 0, 1551786235),
(28, 1, 0, 0, 0, 0, 0, 1551786493),
(29, 1, 0, 0, 0, 0, 0, 1551786500),
(30, 1, 0, 0, 0, 0, 0, 1551786879),
(31, 1, 0, 0, 0, 0, 0, 1551786877),
(32, 1, 0, 0, 0, 0, 0, 1551786907),
(33, 1, 0, 0, 0, 0, 0, 1551786951),
(34, 1, 0, 0, 0, 0, 0, 1551787034),
(35, 1, 0, 0, 0, 0, 0, 1551787065),
(36, 1, 1, 0, 0, 0, 0, 1551787154),
(37, 1, 0, 0, 0, 0, 0, 1551787193),
(38, 1, 0, 0, 0, 0, 0, 1551787364),
(39, 1, 0, 0, 0, 0, 0, 1551788358),
(40, 1, 0, 0, 0, 0, 0, 1551790235),
(41, 1, 0, 0, 0, 0, 0, 1551790300),
(42, 1, 0, 0, 0, 0, 0, 1551790331),
(43, 1, 0, 0, 0, 0, 0, 1551790466),
(44, 1, 0, 0, 0, 0, 0, 1551878963),
(45, 1, 0, 0, 0, 0, 0, 1551879254),
(46, 1, 0, 0, 0, 0, 0, 1551879265),
(47, 1, 1, 0, 0, 0, 0, 1551879322),
(48, 1, 1, 0, 0, 0, 0, 1551879399),
(49, 1, 0, 0, 0, 0, 0, 1551879669),
(50, 1, 0, 0, 0, 0, 0, 1551880723),
(51, 1, 0, 0, 0, 0, 0, 1551880748),
(52, 1, 0, 0, 0, 0, 0, 1551880802),
(53, 1, 0, 0, 0, 0, 0, 1551880849),
(54, 1, 1, 0, 0, 0, 0, 1551880945),
(55, 1, 0, 0, 0, 0, 0, 1551881288),
(56, 1, 0, 0, 0, 0, 0, 1551881345),
(57, 1, 1, 0, 0, 0, 0, 1551881382),
(58, 1, 0, 0, 0, 0, 0, 1551894635),
(59, 1, 0, 0, 0, 0, 0, 1551948893),
(60, 1, 0, 0, 0, 0, 0, 1551949132),
(61, 1, 0, 0, 0, 0, 0, 1551949583),
(62, 1, 0, 0, 0, 0, 0, 1551949997),
(63, 1, 0, 0, 0, 0, 0, 1551950277),
(64, 1, 0, 0, 0, 0, 0, 1551950738),
(65, 1, 0, 0, 0, 0, 0, 1551950931),
(66, 1, 0, 0, 0, 0, 0, 1551952002),
(67, 1, 1, 0, 0, 0, 0, 1551952138),
(68, 1, 0, 0, 0, 0, 0, 1551952368),
(69, 1, 0, 0, 0, 0, 0, 1551952575),
(70, 1, 0, 0, 0, 0, 0, 1551952966),
(71, 1, 0, 0, 0, 0, 0, 1551953038),
(72, 1, 0, 0, 0, 0, 0, 1551953192),
(73, 1, 0, 0, 0, 0, 0, 1551953428),
(74, 1, 0, 0, 0, 0, 0, 1551953511),
(75, 1, 0, 0, 0, 0, 0, 1551953634),
(76, 1, 0, 0, 0, 0, 0, 1551953709),
(77, 1, 0, 0, 0, 0, 0, 1551953717),
(78, 1, 0, 0, 0, 0, 0, 1551954118),
(79, 1, 0, 0, 0, 0, 0, 1551954187),
(80, 1, 0, 0, 0, 0, 0, 1551954256),
(81, 1, 1, 0, 0, 0, 0, 1551954668),
(82, 1, 0, 0, 0, 0, 0, 1551954790),
(83, 1, 0, 0, 0, 0, 0, 1551955034),
(84, 1, 0, 0, 0, 0, 0, 1551955193),
(85, 1, 0, 0, 0, 0, 0, 1551955302),
(86, 1, 0, 0, 0, 0, 0, 1551955485),
(87, 1, 0, 0, 0, 0, 0, 1551955635),
(88, 1, 0, 0, 0, 0, 0, 1551955940),
(89, 1, 0, 0, 0, 0, 0, 1551956007),
(90, 1, 0, 0, 0, 0, 0, 1551956266),
(91, 1, 0, 0, 0, 0, 0, 1551956336),
(92, 1, 0, 0, 0, 0, 0, 1551956418),
(93, 1, 0, 0, 0, 0, 0, 1551956531),
(94, 1, 1, 0, 0, 0, 0, 1551956770),
(95, 1, 0, 0, 0, 0, 0, 1551956835),
(96, 1, 0, 0, 0, 0, 0, 1551956901),
(97, 1, 0, 0, 0, 0, 0, 1551957286),
(98, 1, 0, 0, 0, 0, 0, 1551957381),
(99, 1, 0, 0, 0, 0, 0, 1551957512),
(100, 1, 0, 0, 0, 0, 0, 1551957583),
(101, 1, 0, 0, 0, 0, 0, 1551957882),
(102, 1, 0, 0, 0, 0, 0, 1551958063),
(103, 1, 0, 0, 0, 0, 0, 1551958939),
(104, 1, 0, 0, 0, 0, 0, 1551959064),
(105, 1, 0, 0, 0, 0, 0, 1551959139),
(106, 1, 0, 0, 0, 0, 0, 1551959351),
(107, 1, 0, 0, 0, 0, 0, 1551959477),
(108, 1, 0, 0, 0, 0, 0, 1551959575),
(109, 1, 0, 0, 0, 0, 0, 1551959640),
(110, 1, 0, 0, 0, 0, 0, 1551959695),
(111, 1, 0, 0, 0, 0, 0, 1551959742),
(112, 1, 0, 0, 0, 0, 0, 1551960053),
(113, 1, 0, 0, 0, 0, 0, 1551960213),
(114, 1, 0, 0, 0, 0, 0, 1551960217),
(115, 1, 0, 0, 0, 0, 0, 1551960289),
(116, 1, 0, 0, 0, 0, 0, 1551960295),
(117, 1, 0, 0, 0, 0, 0, 1551960366),
(118, 1, 0, 0, 0, 0, 0, 1551960453),
(119, 1, 0, 0, 0, 0, 0, 1551960556),
(120, 1, 0, 0, 0, 0, 0, 1551960672),
(121, 1, 0, 0, 0, 0, 0, 1551960771),
(122, 1, 0, 0, 0, 0, 0, 1551960837),
(123, 1, 0, 0, 0, 0, 0, 1551960861),
(124, 1, 0, 4, 0, 0, 0, 1551961642),
(125, 1, 0, 0, 0, 0, 0, 1551961744),
(126, 1, 0, 0, 0, 0, 0, 1552042359),
(127, 1, 0, 0, 0, 0, 0, 1552043330),
(128, 1, 0, 0, 0, 0, 0, 1552043879),
(129, 1, 0, 0, 0, 0, 0, 1552310778),
(130, 1, 0, 0, 0, 0, 0, 1552312975),
(131, 1, 0, 0, 0, 0, 0, 1552378073),
(132, 1, 0, 0, 0, 0, 0, 1552378077),
(133, 1, 0, 0, 0, 0, 0, 1552378081),
(134, 1, 0, 0, 0, 0, 0, 1552378187),
(135, 1, 0, 0, 0, 0, 0, 1552378190),
(136, 1, 0, 0, 0, 0, 0, 1552378192),
(137, 1, 0, 0, 0, 0, 0, 1552378277),
(138, 1, 0, 0, 0, 0, 0, 1552378282),
(139, 1, 0, 0, 0, 0, 0, 1552378289),
(140, 1, 0, 0, 0, 0, 0, 1552378291),
(141, 1, 0, 0, 0, 0, 0, 1552378291),
(142, 1, 0, 0, 0, 0, 0, 1552378294),
(143, 1, 0, 0, 0, 0, 0, 1552378294),
(144, 1, 0, 0, 0, 0, 0, 1552378295),
(145, 1, 0, 0, 0, 0, 0, 1552378298),
(146, 1, 0, 0, 0, 0, 0, 1552378298),
(147, 1, 0, 0, 0, 0, 0, 1552378298),
(148, 1, 0, 0, 0, 0, 0, 1552378300),
(149, 1, 0, 0, 0, 0, 0, 1552378301),
(150, 1, 0, 0, 0, 0, 0, 1552378305),
(151, 1, 0, 0, 0, 0, 0, 1552378305),
(152, 1, 0, 0, 0, 0, 0, 1552378309),
(153, 1, 0, 0, 0, 0, 0, 1552378309),
(154, 1, 0, 0, 0, 0, 0, 1552378359),
(155, 1, 0, 0, 0, 0, 0, 1552378359),
(156, 1, 0, 0, 0, 0, 0, 1552378364),
(157, 1, 0, 0, 0, 0, 0, 1552378501),
(158, 1, 0, 0, 0, 0, 0, 1552378525),
(159, 1, 0, 0, 0, 0, 0, 1552378525),
(160, 1, 0, 0, 0, 0, 0, 1552378526),
(161, 1, 0, 0, 0, 0, 0, 1552378527),
(162, 1, 0, 0, 0, 0, 0, 1552378527),
(163, 1, 0, 0, 0, 0, 0, 1552378530),
(164, 1, 0, 0, 0, 0, 0, 1552378532),
(165, 1, 0, 0, 0, 0, 0, 1552378533),
(166, 1, 0, 0, 0, 0, 0, 1552378535),
(167, 1, 0, 0, 0, 0, 0, 1552378538),
(168, 1, 0, 0, 0, 0, 0, 1552378541),
(169, 1, 0, 0, 0, 0, 0, 1552378544),
(170, 1, 0, 0, 0, 0, 0, 1552378790),
(171, 1, 0, 0, 0, 0, 0, 1552379043),
(172, 1, 0, 0, 0, 0, 0, 1552379162),
(173, 1, 0, 0, 0, 0, 0, 1552379162),
(174, 1, 0, 0, 0, 0, 0, 1552379192),
(175, 1, 1, 0, 0.25, 0, 1, 1552379953),
(176, 1, 1, 0, 0.25, 0, 1, 1552380012),
(177, 1, 0, 1, 0, 0, 0, 1552380036),
(178, 1, 0, 4, 0, 0, 0, 1552380052),
(179, 1, 0, 0, 0, 0, 0, 1552380056),
(180, 1, 0, 0, 0, 0, 0, 1552380372),
(181, 1, 0, 0, 0, 0, 0, 1552380459),
(182, 1, 0, 0, 0, 0, 0, 1552380471),
(183, 1, 1, 0, 0.25, 0, 1, 1552380481),
(184, 1, 0, 0, 0, 0, 0, 1552380495),
(185, 1, 0, 0, 0, 0, 0, 1552380504),
(186, 1, 0, 1, 0, 0, 0, 1552380516),
(187, 1, 0, 0, 0, 0, 0, 1552380520),
(188, 1, 0, 1, 0, 0, 0, 1552380532),
(189, 1, 0, 1, 0, 0, 0, 1552380546),
(190, 1, 1, 0, 0.25, 0, 1, 1552380553),
(191, 1, 1, 0, 0.25, 0, 1, 1552380586),
(192, 1, 1, 0, 0.25, 0, 1, 1552381162),
(193, 1, 0, 0, 0, 0, 0, 1552381177),
(194, 1, 0, 0, 0, 0, 0, 1552381190),
(195, 1, 0, 0, 0, 0, 0, 1552381227),
(196, 1, 1, 0, 0.25, 0, 1, 1552382522),
(197, 1, 1, 0, 0.25, 0, 1, 1552382543),
(198, 1, 0, 0, 0, 0, 0, 1552382559),
(199, 1, 1, 0, 0.25, 0, 1, 1552382569),
(200, 1, 0, 0, 0, 0, 0, 1552382603),
(201, 1, 0, 0, 0, 0, 0, 1552383202),
(202, 1, 1, 0, 0.25, 0, 1, 1552383211),
(203, 1, 0, 0, 0, 0, 0, 1552383482),
(204, 1, 0, 0, 0, 0, 0, 1552383530),
(205, 1, 0, 0, 0, 0, 0, 1552383619),
(206, 1, 0, 0, 0, 0, 0, 1552383680),
(207, 1, 0, 0, 0, 0, 0, 1552383711),
(208, 1, 0, 0, 0, 0, 0, 1552383781),
(209, 1, 0, 0, 0, 0, 0, 1552383812),
(210, 1, 0, 0, 0, 0, 0, 1552383971),
(211, 1, 0, 0, 0, 0, 0, 1552385329),
(212, 1, 0, 0, 0, 0, 0, 1552385359),
(213, 1, 0, 0, 0, 0, 0, 1552385392),
(214, 1, 0, 0, 0, 0, 0, 1552385492),
(215, 1, 0, 0, 0, 0, 0, 1552385572),
(216, 1, 0, 0, 0, 0, 0, 1552385630),
(217, 1, 0, 0, 0, 0, 0, 1552385694),
(218, 1, 0, 0, 0, 0, 0, 1552385710),
(219, 1, 0, 0, 0, 0, 0, 1552385772),
(220, 1, 0, 0, 0, 0, 0, 1552385786),
(221, 1, 0, 0, 0, 0, 0, 1552385879),
(222, 1, 0, 0, 0, 0, 0, 1552385896),
(223, 1, 0, 0, 0, 0, 0, 1552385952),
(224, 1, 0, 0, 0, 0, 0, 1552386026),
(225, 1, 0, 0, 0, 0, 0, 1552386169),
(226, 1, 0, 0, 0, 0, 0, 1552386192),
(227, 1, 0, 0, 0, 0, 0, 1552386196),
(228, 1, 0, 0, 0, 0, 0, 1552386237),
(229, 1, 0, 0, 0, 0, 0, 1552386237),
(230, 1, 0, 0, 0, 0, 0, 1552386248),
(231, 1, 0, 0, 0, 0, 0, 1552387346),
(232, 1, 0, 0, 0, 0, 0, 1552387418),
(233, 1, 0, 0, 0, 0, 0, 1552387467),
(234, 1, 0, 0, 0, 0, 0, 1552387474),
(235, 1, 0, 0, 0, 0, 0, 1552387490),
(236, 1, 0, 0, 0, 0, 0, 1552387505),
(237, 1, 0, 0, 0, 0, 0, 1552387521),
(238, 1, 0, 1, 0, 0, 0, 1552910258),
(239, 1, 0, 0, 0, 0, 0, 1552921082),
(240, 0, 0, 0, 0, 0, 0, 1552928927),
(241, 1, 0, 0, 0, 0, 0, 1552936807),
(242, 1, 1, 0, 0.25, 0, 1, 1553072693),
(243, 1, 1, 0, 0.25, 0, 1, 1553073619),
(244, 1, 1, 0, 0.25, 0, 1, 1553073645),
(245, 1, 0, 0, 0, 0, 0, 1553104595),
(246, 1, 0, 0, 0, 0, 0, 1553104597),
(247, 1, 0, 0, 0, 0, 0, 1553104601),
(248, 1, 0, 1, 0, 0, 0, 1553857189),
(249, 1, 0, 1, 0, 0, 0, 1553857279),
(250, 1, 0, 1, 0, 0, 0, 1553857312),
(251, 1, 1, 0, 0.25, 0, 1, 1553857330),
(252, 1, 1, 0, 0.25, 0, 1, 1553863542),
(253, 9, 3, 3, 0, 0, 0, 1554136785),
(254, 9, 3, 3, 0, 0, 0, 1554136877),
(255, 9, 4, 3, 0, 0, 0, 1554136965),
(256, 9, 5, 0, 0.01, 0, 1, 1554137035),
(257, 9, 4, 2, 0, 0, 0, 1554137272),
(258, 9, 5, 0, 0.01, 0, 1, 1554137375),
(259, 9, 5, 0, 0.01, 0.01, 1, 1554137532),
(260, 9, 5, 0, 0.01, 0.005, 1, 1554137752),
(261, 9, 5, 0, 0.01, 0.005, 1, 1554140198),
(262, 9, 0, 0, 0, 0, 0, 1554140211),
(263, 9, 0, 0, 0, 0, 0, 1554140674),
(264, 9, 0, 0, 0, 0, 0, 1554140675),
(265, 9, 0, 0, 0, 0, 0, 1554140675),
(266, 9, 0, 0, 0, 0, 0, 1554140675),
(267, 9, 0, 0, 0, 0, 0, 1554140673),
(268, 9, 0, 0, 0, 0, 0, 1554141146),
(269, 9, 0, 0, 0, 0, 0, 1554141224),
(270, 9, 0, 0, 0, 0, 0, 1554141224),
(271, 9, 0, 0, 0, 0, 0, 1554141233),
(272, 9, 0, 0, 0, 0, 0, 1554141550),
(273, 9, 0, 0, 0, 0, 0, 1554141594),
(274, 9, 0, 0, 0, 0, 0, 1554142062),
(275, 9, 0, 0, 0, 0, 0, 1554142066),
(276, 9, 0, 0, 0, 0, 0, 1554142130),
(277, 9, 0, 0, 0, 0, 0, 1554143727),
(278, 9, 0, 0, 0, 0, 0, 1554143735),
(279, 9, 0, 0, 0, 0, 0, 1554143809),
(280, 9, 0, 0, 0, 0, 0, 1554144019),
(281, 9, 0, 0, 0, 0, 0, 1554144084),
(282, 9, 0, 0, 0, 0, 0, 1554144106),
(283, 9, 0, 0, 0, 0, 0, 1554144224),
(284, 9, 0, 0, 0, 0, 0, 1554144243),
(285, 9, 0, 0, 0, 0, 0, 1554144286),
(286, 9, 0, 0, 0, 0, 0, 1554145249),
(287, 9, 0, 0, 0, 0, 0, 1554146078),
(288, 9, 0, 0, 0, 0, 0, 1554146094),
(289, 9, 0, 0, 0, 0, 0, 1554146609),
(290, 9, 0, 0, 0, 0, 0, 1554146717),
(291, 9, 0, 0, 0, 0, 0, 1554146734),
(292, 9, 0, 0, 0, 0, 0, 1554146750),
(293, 9, 0, 0, 0, 0, 0, 1554146781),
(294, 9, 0, 0, 0, 0, 0, 1554147803),
(295, 9, 5, 0, 0.01, 0.005, 1, 1554148193),
(296, 9, 0, 0, 0, 0, 0, 1554148217),
(297, 9, 5, 0, 0.01, 0.005, 1, 1554148265),
(298, 9, 5, 1, 0.01, 0.005, 1, 1554148347),
(299, 9, 0, 0, 0, 0, 0, 1554194455),
(300, 9, 0, 0, 0, 0, 0, 1554194716),
(301, 9, 0, 0, 0, 0, 0, 1554195338),
(302, 9, 4, 3, 0, 0, 0, 1554195503),
(303, 9, 0, 0, 0, 0, 0, 1554195951),
(304, 9, 0, 0, 0, 0, 0, 1554195987),
(305, 9, 0, 0, 0, 0, 0, 1554196003),
(306, 9, 0, 0, 0, 0, 0, 1554196050),
(307, 9, 5, 3, 0.01, 0.005, 1, 1554196251),
(308, 9, 0, 0, 0, 0, 0, 1554196383),
(309, 9, 0, 0, 0, 0, 0, 1554196520),
(310, 9, 0, 0, 0, 0, 0, 1554197389),
(311, 9, 0, 0, 0, 0, 0, 1554198223),
(312, 9, 0, 0, 0, 0, 0, 1554198272),
(313, 7, 0, 0, 0, 0, 0, 1554218132),
(314, 7, 0, 0, 0, 0, 0, 1554218137),
(315, 7, 0, 0, 0, 0, 0, 1554218140),
(316, 7, 0, 0, 0, 0, 0, 1554220161),
(317, 7, 0, 0, 0, 0, 0, 1554220343),
(318, 7, 0, 0, 0, 0, 0, 1554278683),
(319, 7, 0, 0, 0, 0, 0, 1554278889),
(320, 7, 0, 0, 0, 0, 0, 1554281611),
(321, 7, 0, 0, 0, 0, 0, 1554281757),
(322, 7, 0, 0, 0, 0, 0, 1554281914),
(323, 7, 0, 0, 0, 0, 0, 1554282011),
(324, 7, 0, 0, 0, 0, 0, 1554282329),
(325, 7, 0, 0, 0, 0, 0, 1554282415),
(326, 7, 0, 0, 0, 0, 0, 1554282500),
(327, 7, 0, 0, 0, 0, 0, 1554282586),
(328, 7, 0, 0, 0, 0, 0, 1554288620),
(329, 7, 5, 0, 0.01, 0, 1, 1554288656),
(330, 7, 0, 0, 0, 0, 0, 1554291212),
(331, 1, 5, 0, 0.01, 0, 1, 1554310929),
(332, 1, 0, 0, 0, 0, 0, 1554310952),
(333, 10, 0, 0, 0, 0, 0, 1554311615),
(334, 10, 0, 0, 0, 0, 0, 1554525976),
(335, 10, 0, 0, 0, 0, 0, 1554525981),
(336, 10, 5, 3, 0.01, 0.0005, 1, 1554526100),
(337, 10, 4, 4, 0, 0, 0, 1554526490),
(338, 10, 5, 0, 0.01, 0.0005, 1, 1554526565),
(339, 10, 3, 2, 0, 0, 0, 1554526886),
(340, 10, 5, 0, 0.01, 0.0005, 1, 1554526934),
(341, 7, 0, 0, 0, 0, 0, 1554534481),
(342, 8, 5, 1, 0.01, 0.0005, 1, 1554538393),
(343, 8, 5, 0, 0.01, 0.0005, 1, 1554538473),
(344, 8, 5, 0, 0.01, 0.0005, 1, 1554742379),
(345, 8, 5, 1, 0.01, 0.0005, 1, 1554742443),
(346, 8, 5, 0, 0.01, 0.0005, 1, 1554742548),
(347, 8, 10, 1, 0.02, 0.0012, 1, 1554742760),
(348, 8, 5, 0, 0.01, 0.0005, 1, 1554743187),
(349, 8, 5, 1, 0.01, 0.0005, 1, 1554744092),
(350, 8, 10, 0, 0.02, 0.0012, 1, 1554744198),
(351, 8, 2, 0, 0, 0, 0, 1554744231),
(352, 8, 5, 0, 0.01, 0.0005, 1, 1554744294),
(353, 8, 10, 0, 0.02, 0.0012, 1, 1554744503),
(354, 8, 10, 1, 0.02, 0.0012, 1, 1554744806),
(355, 8, 10, 2, 0.02, 0.0012, 1, 1554745560),
(356, 8, 10, 2, 0.02, 0.0012, 1, 1554746254),
(357, 8, 0, 0, 0, 0, 0, 1554805358),
(358, 8, 10, 1, 0.02, 0.0012, 1, 1554805438),
(359, 8, 0, 0, 0, 0, 0, 1554805580),
(360, 8, 10, 2, 0.02, 0.0012, 1, 1554805794),
(361, 8, 0, 0, 0, 0, 0, 1554806153),
(362, 8, 0, 0, 0, 0, 0, 1554806487),
(363, 8, 0, 0, 0, 0, 0, 1554806538),
(364, 8, 0, 0, 0, 0, 0, 1554806775),
(365, 8, 0, 0, 0, 0, 0, 1554806869),
(366, 8, 0, 0, 0, 0, 0, 1554806869),
(367, 8, 0, 0, 0, 0, 0, 1554806884),
(368, 8, 0, 0, 0, 0, 0, 1554806884),
(369, 8, 0, 0, 0, 0, 0, 1554806895),
(370, 8, 0, 0, 0, 0, 0, 1554806895),
(371, 8, 0, 0, 0, 0, 0, 1554806895),
(372, 8, 0, 0, 0, 0, 0, 1554806895),
(373, 8, 0, 0, 0, 0, 0, 1554806895),
(374, 8, 0, 0, 0, 0, 0, 1554806895),
(375, 8, 0, 0, 0, 0, 0, 1554806896),
(376, 8, 0, 0, 0, 0, 0, 1554807592),
(377, 8, 0, 0, 0, 0, 0, 1554807830),
(378, 8, 10, 0, 0.02, 0.0012, 1, 1554807922),
(379, 8, 10, 3, 0.02, 0.0012, 1, 1554808191),
(380, 11, 0, 0, 0, 0, 0, 1554830466),
(381, 11, 0, 0, 0, 0, 0, 1554830470),
(382, 11, 0, 0, 0, 0, 0, 1554830476),
(383, 11, 5, 1, 0.01, 0, 1, 1554830535),
(384, 8, 0, 0, 0, 0, 0, 1554831526),
(385, 8, 1, 0, 0, 0, 0, 1554831905),
(386, 8, 0, 0, 0, 0, 0, 1554832063),
(387, 8, 10, 0, 0.02, 0.0012, 1, 1554832122),
(388, 8, 10, 0, 0.02, 0.0012, 1, 1554832272),
(389, 8, 0, 0, 0, 0, 0, 1554832280),
(390, 8, 10, 0, 0.02, 0.0012, 1, 1554832349),
(391, 8, 10, 0, 0.02, 0.0012, 1, 1554832441),
(392, 8, 0, 0, 0, 0, 0, 1554832449),
(393, 8, 10, 0, 0, 0, 0, 1555935593),
(394, 8, 0, 0, 0.01, 0.0005, 1, 1555935677),
(395, 8, 5, 0, 0, 0, 0, 1555936328),
(396, 8, 5, 0, 0, 0, 0, 1555936358),
(397, 8, 5, 0, 0.01, 0.0005, 1, 1555936396),
(398, 8, 5, 0, 0, 0, 0, 1555936413),
(399, 8, 1, 0, 0, 0, 0, 1555936426),
(400, 8, 5, 2, 0.01, 0.0005, 1, 1555936509),
(401, 8, 5, 0, 0.01, 0.0005, 1, 1555936636),
(402, 8, 5, 0, 0.01, 0.0005, 1, 1555936768),
(403, 8, 5, 1, 0.01, 0.0005, 1, 1555936908),
(404, 8, 0, 0, 0, 0, 0, 1555937021),
(405, 8, 5, 0, 0.01, 0.0005, 1, 1555937083),
(406, 8, 10, 3, 0.02, 0.0012, 1, 1555937196),
(407, 8, 10, 1, 0.02, 0.0012, 1, 1555939007),
(408, 8, 1, 0, 0, 0, 0, 1555939727),
(409, 8, 10, 1, 0.02, 0.0012, 1, 1555942520),
(410, 8, 0, 0, 0, 0, 0, 1555942597),
(411, 8, 10, 4, 0.02, 0.0012, 1, 1555942693),
(412, 8, 10, 1, 0.02, 0.0012, 1, 1555943810),
(413, 8, 10, 1, 0.02, 0.0012, 1, 1555963863),
(414, 8, 0, 0, 0, 0, 0, 1555963874),
(415, 14, 0, 0, 0, 0, 0, 1555964411),
(416, 14, 0, 0, 0, 0, 0, 1555964415),
(417, 14, 0, 0, 0, 0, 0, 1555964419),
(418, 14, 5, 0, 0.01, 0.0005, 1, 1555964561),
(419, 8, 10, 0, 0.02, 0.0012, 1, 1556029402),
(420, 8, 0, 0, 0, 0, 0, 1556029410),
(421, 8, 0, 0, 0, 0, 0, 1556029876),
(422, 14, 0, 0, 0, 0, 0, 1556033904),
(423, 14, 0, 0, 0, 0, 0, 1556033979),
(424, 14, 0, 0, 0, 0, 0, 1556034104),
(425, 14, 0, 0, 0, 0, 0, 1556034337),
(426, 14, 0, 0, 0, 0, 0, 1556034405);

-- --------------------------------------------------------

--
-- Table structure for table `payment_methods`
--

CREATE TABLE `payment_methods` (
  `id` int(11) NOT NULL,
  `method` int(11) NOT NULL COMMENT '1 = yandex, 2 = payeer, 3 = webmoney',
  `min_withdraw` float NOT NULL,
  `commission` float NOT NULL,
  `status` int(11) NOT NULL COMMENT '0 = deactive, 1 = active',
  `auto_payment` int(11) NOT NULL COMMENT '0 = deactive, 1 = active'
) ENGINE=InnoDB DEFAULT CHARSET=utf8;

--
-- Dumping data for table `payment_methods`
--

INSERT INTO `payment_methods` (`id`, `method`, `min_withdraw`, `commission`, `status`, `auto_payment`) VALUES
(1, 1, 5, 0.5, 1, 1),
(2, 2, 5, 0.95, 1, 1),
(3, 3, 5, 0.8, 1, 0);

-- --------------------------------------------------------

--
-- Table structure for table `users`
--

CREATE TABLE `users` (
  `id` int(11) NOT NULL,
  `username` varchar(255) NOT NULL,
  `email` varchar(255) NOT NULL,
  `pass` varchar(255) NOT NULL,
  `balance` float NOT NULL,
  `level_xp` int(11) NOT NULL,
  `heart` int(11) NOT NULL,
  `notify_heart_time` int(11) NOT NULL,
  `firebase_token` text NOT NULL,
  `register_time` int(11) NOT NULL,
  `referral_code` varchar(255) DEFAULT NULL,
  `referrer` int(11) NOT NULL COMMENT '1 = seosprint',
  `ban` int(11) NOT NULL COMMENT '0 = deactive, 1 = active'
) ENGINE=InnoDB DEFAULT CHARSET=utf8;

--
-- Dumping data for table `users`
--

INSERT INTO `users` (`id`, `username`, `email`, `pass`, `balance`, `level_xp`, `heart`, `notify_heart_time`, `firebase_token`, `register_time`, `referral_code`, `referrer`, `ban`) VALUES
(1, 'enver435', 'abbasovenver1999@gmail.com', 'b6ffb8cb3fc96d5a259b36d103131d7d', 119.11, 201, 0, 0, 'cJnLmADAtFU:APA91bFWPzATUevbOXlYzMB0EtcpmNzG5nDDVJZauE_q3cKAAGaElDpA15H8aJpWINnawkI5q1rKyTUIIFOHfibG-iGcx0yRR3bJJj8hjUH-PWBw1KGRroVI_pC1-1TI1WHNF3NMZLDA', 0, '000001', 0, 0),
(2, 'enver555', 'abbasov-enver@mail.ru', 'b6ffb8cb3fc96d5a259b36d103131d7d', 0, 0, 0, 0, '', 0, '000002', 0, 0),
(3, 'blackrast', 'babayevmanaf1995@gmail.com', 'e10adc3949ba59abbe56e057f20f883e', 0, 0, 3, 0, 'eigai1-BOyM:APA91bHv6hNcumWnQBMApKQHfqfM-VehhHMELvF5R8vqSCE_TF7Y-ThnoS-tOA7CDt9N9NpQC1GGSLn8b8WNZE5LQP3-vx1_sCgRLGKT_9M4ujj263qTkzVd66OkdpcCFJxHS2tWorwh', 0, '000003', 0, 0),
(4, 'testuser', 'test@mail.com', 'e10adc3949ba59abbe56e057f20f883e', 0.0005, 0, 3, 0, '', 0, '000004', 0, 0),
(5, 'ttt435', 'gggg@gmail.com', 'b6ffb8cb3fc96d5a259b36d103131d7d', 0, 0, 3, 0, 'eigai1-BOyM:APA91bHv6hNcumWnQBMApKQHfqfM-VehhHMELvF5R8vqSCE_TF7Y-ThnoS-tOA7CDt9N9NpQC1GGSLn8b8WNZE5LQP3-vx1_sCgRLGKT_9M4ujj263qTkzVd66OkdpcCFJxHS2tWorwh', 0, '000005', 0, 0),
(6, 'hjdkooopp', 'fgh@gmail.com', 'b6ffb8cb3fc96d5a259b36d103131d7d', 0.0015, 0, 3, 0, 'cJnLmADAtFU:APA91bFWPzATUevbOXlYzMB0EtcpmNzG5nDDVJZauE_q3cKAAGaElDpA15H8aJpWINnawkI5q1rKyTUIIFOHfibG-iGcx0yRR3bJJj8hjUH-PWBw1KGRroVI_pC1-1TI1WHNF3NMZLDA', 0, '000006', 0, 0),
(7, 'enver557', 'abbasovenver@gmail.com', 'b6ffb8cb3fc96d5a259b36d103131d7d', 0.0827, 1, 0, 0, 'cMhbhrrdJeo:APA91bEuli27A0_7Yte11M_wjdx0EZUzmRrfzdUe6I23U-VyBfu0K1MwhaSm_qPJZKRt3O9gBYcNbg9i3Sq-uIiYTImx5s022UcxQG7D_pcmA7T1vmphZU-g6NWynDgq1_R0rH9tfDFV', 1554130670, '000007', 0, 0),
(8, 'rrr555', 'abbs@gmail.com', 'b6ffb8cb3fc96d5a259b36d103131d7d', 63.08, 314, 0, 0, 'cMhbhrrdJeo:APA91bEuli27A0_7Yte11M_wjdx0EZUzmRrfzdUe6I23U-VyBfu0K1MwhaSm_qPJZKRt3O9gBYcNbg9i3Sq-uIiYTImx5s022UcxQG7D_pcmA7T1vmphZU-g6NWynDgq1_R0rH9tfDFV', 1554131201, '000008', 0, 0),
(9, 'rrr5554', 'ababs@gmail.com', 'b6ffb8cb3fc96d5a259b36d103131d7d', 0.09, 599, 0, 0, 'cJnLmADAtFU:APA91bFWPzATUevbOXlYzMB0EtcpmNzG5nDDVJZauE_q3cKAAGaElDpA15H8aJpWINnawkI5q1rKyTUIIFOHfibG-iGcx0yRR3bJJj8hjUH-PWBw1KGRroVI_pC1-1TI1WHNF3NMZLDA', 1554131269, '000009', 0, 0),
(10, 'yyy435', 'avb@gmail.com', 'b6ffb8cb3fc96d5a259b36d103131d7d', 100, 605, 0, 0, 'cJnLmADAtFU:APA91bFWPzATUevbOXlYzMB0EtcpmNzG5nDDVJZauE_q3cKAAGaElDpA15H8aJpWINnawkI5q1rKyTUIIFOHfibG-iGcx0yRR3bJJj8hjUH-PWBw1KGRroVI_pC1-1TI1WHNF3NMZLDA', 1554311138, '000010', 0, 0),
(11, 'uuu435', 'hfdh@gmail.com', 'b6ffb8cb3fc96d5a259b36d103131d7d', 0.01, 1, 0, 0, 'cJnLmADAtFU:APA91bFWPzATUevbOXlYzMB0EtcpmNzG5nDDVJZauE_q3cKAAGaElDpA15H8aJpWINnawkI5q1rKyTUIIFOHfibG-iGcx0yRR3bJJj8hjUH-PWBw1KGRroVI_pC1-1TI1WHNF3NMZLDA', 1554830030, '000011', 0, 0),
(12, 'ififi435', 'gdhdh@gmail.com', 'b6ffb8cb3fc96d5a259b36d103131d7d', 0, 0, 3, 0, 'cJnLmADAtFU:APA91bFWPzATUevbOXlYzMB0EtcpmNzG5nDDVJZauE_q3cKAAGaElDpA15H8aJpWINnawkI5q1rKyTUIIFOHfibG-iGcx0yRR3bJJj8hjUH-PWBw1KGRroVI_pC1-1TI1WHNF3NMZLDA', 1554830591, '000012', 0, 0),
(13, '44fg', 'abbhh@gmail.com', 'b6ffb8cb3fc96d5a259b36d103131d7d', 0, 0, 3, 0, 'cMhbhrrdJeo:APA91bEuli27A0_7Yte11M_wjdx0EZUzmRrfzdUe6I23U-VyBfu0K1MwhaSm_qPJZKRt3O9gBYcNbg9i3Sq-uIiYTImx5s022UcxQG7D_pcmA7T1vmphZU-g6NWynDgq1_R0rH9tfDFV', 1555964309, '000013', 0, 0),
(14, 'yymb3', 'ttt@gmail.com', 'b6ffb8cb3fc96d5a259b36d103131d7d', 0.01, 1, 0, 1556034461, 'cMhbhrrdJeo:APA91bEuli27A0_7Yte11M_wjdx0EZUzmRrfzdUe6I23U-VyBfu0K1MwhaSm_qPJZKRt3O9gBYcNbg9i3Sq-uIiYTImx5s022UcxQG7D_pcmA7T1vmphZU-g6NWynDgq1_R0rH9tfDFV', 1555964365, '000014', 0, 0);

-- --------------------------------------------------------

--
-- Table structure for table `user_referrals`
--

CREATE TABLE `user_referrals` (
  `id` int(11) NOT NULL,
  `user_id` int(11) NOT NULL,
  `ref_user_id` int(11) NOT NULL,
  `time` int(11) NOT NULL
) ENGINE=InnoDB DEFAULT CHARSET=utf8;

--
-- Dumping data for table `user_referrals`
--

INSERT INTO `user_referrals` (`id`, `user_id`, `ref_user_id`, `time`) VALUES
(2, 9, 7, 1554131269),
(3, 7, 6, 1554304636),
(4, 10, 6, 1554311139),
(6, 8, 7, 1554832641),
(7, 14, 4, 1555964365);

-- --------------------------------------------------------

--
-- Table structure for table `withdraws`
--

CREATE TABLE `withdraws` (
  `id` int(11) NOT NULL,
  `user_id` int(11) NOT NULL,
  `amount` float NOT NULL,
  `commission` float NOT NULL,
  `payment_method` int(11) NOT NULL COMMENT '0 = unknown, 1 = yandex, 2 = payeer, 3 = webmoney',
  `wallet_number` varchar(255) NOT NULL,
  `payment_status` int(11) NOT NULL COMMENT ' 0 = waiting, 1 = paid, 2 = not paid',
  `not_paid_type` int(11) NOT NULL COMMENT '0 = unknown, 1 = wallet incorrect, 2 = user banned',
  `payment_id` varchar(50) NOT NULL DEFAULT '0',
  `time` int(11) NOT NULL,
  `payment_time` int(11) NOT NULL
) ENGINE=InnoDB DEFAULT CHARSET=utf8;

--
-- Dumping data for table `withdraws`
--

INSERT INTO `withdraws` (`id`, `user_id`, `amount`, `commission`, `payment_method`, `wallet_number`, `payment_status`, `not_paid_type`, `payment_id`, `time`, `payment_time`) VALUES
(1, 1, 5, 0.5, 1, '156467567569', 2, 1, '0', 1549045007, 1549045007),
(2, 1, 1, 0.95, 2, 'P55598111', 1, 0, '0', 1549045007, 1549045007),
(3, 1, 1, 0.5, 1, '410014399542709', 1, 0, '609170787164000302', 1549045007, 1549045007),
(4, 1, 5, 0.5, 2, '156467567569', 1, 0, '0', 1549045007, 1549045007),
(5, 1, 5, 0.5, 2, '156467567569', 1, 0, '0', 1549045007, 1549045007),
(6, 1, 5, 0.5, 2, '156467567569', 1, 0, '0', 1549045007, 1549045007),
(7, 1, 5, 0.5, 2, '156467567569', 1, 0, '0', 1549045007, 1549045007),
(8, 1, 5, 0.5, 2, '156467567569', 1, 0, '0', 1549045007, 1549045007),
(9, 1, 5, 0.5, 2, '156467567569', 1, 0, '0', 1549045007, 1549045007),
(10, 1, 5, 0.5, 2, '156467567569', 1, 0, '0', 1549045007, 1549045007),
(11, 1, 5, 0.5, 2, '156467567569', 1, 0, '0', 1549045007, 1549045007),
(12, 1, 5.7, 0.5, 1, '344748383829', 1, 0, '0', 1553101232, 1553101232),
(13, 1, 5.6, 0.5, 1, '63737e7', 1, 0, '0', 1553102484, 1553102484),
(14, 1, 5.6, 0.5, 1, '374747', 1, 0, '0', 1553102668, 1553102668),
(15, 0, 56, 0.5, 1, 'tyhhh', 1, 0, '0', 1553188967, 1553188967),
(16, 0, 56, 0.5, 1, 'yyygg', 1, 0, '0', 1553189027, 1553189027),
(17, 0, 56, 0.5, 1, 'hfghfh', 1, 0, '0', 1553189106, 1553189106),
(18, 0, 56, 0.5, 1, 'yudh', 1, 0, '0', 1553189184, 1553189184),
(19, 1, 5.9, 0.5, 1, 'hdhd', 1, 0, '0', 1553189297, 1553189297),
(20, 1, 5.9, 0.5, 1, '45566732244', 1, 0, '0', 1553189559, 1553189559),
(21, 1, 5.9, 0.5, 1, '56789', 1, 0, '0', 1553189776, 1553189776),
(22, 1, 5.9, 0.5, 1, '45677', 1, 0, '0', 1553190900, 1553190900),
(23, 1, 5, 0.5, 1, '6666666555', 1, 1, '0', 1553840493, 1553840493),
(24, 10, 5, 0.5, 1, 'gyyi56778', 1, 0, '0', 1554527911, 1554527911),
(25, 8, 50, 0.5, 1, '474748494949', 1, 0, '0', 1554824786, 1554824786),
(26, 8, 50, 0.5, 1, '474748494949', 1, 0, '0', 1554824787, 1554824787),
(27, 8, 50, 0.5, 1, '474748494949', 1, 0, '0', 1554824787, 1554824787),
(28, 8, 50, 0.5, 1, '474748494949', 1, 0, '0', 1554824788, 1554824788),
(29, 8, 50, 0.5, 1, '474748494949', 1, 0, '0', 1554824788, 1554824788),
(30, 8, 50, 0.5, 1, '474748494949', 1, 0, '0', 1554824788, 1554824788),
(31, 8, 50, 0.5, 1, '474748494949', 1, 0, '0', 1554824789, 1554824789),
(32, 8, 20, 0.5, 1, '6656887655', 1, 0, '0', 1554828656, 1554828656),
(33, 8, 20, 0.5, 1, '6656887655', 1, 0, '0', 1554828658, 1554828658),
(34, 8, 10, 0.5, 1, '5678778', 1, 0, '0', 1554828733, 1554828733),
(35, 8, 10, 0.5, 1, '5678778', 1, 0, '0', 1554828734, 1554828734),
(36, 8, 5, 0.5, 1, '84849488t', 1, 0, '0', 1554829795, 1554829795),
(37, 8, 5, 0.5, 1, '647473747', 1, 0, '0', 1554829823, 1554829823),
(38, 8, 5, 0.5, 1, '47474747', 1, 0, '0', 1554829839, 1554829839),
(40, 8, 5, 0.5, 1, '1273737474747Y7', 1, 0, '0', 1555937461, 1555937461),
(41, 8, 5, 0.8, 3, 'R495959594949', 1, 0, '0', 1555963914, 1555963914);

--
-- Triggers `withdraws`
--
DELIMITER $$
CREATE TRIGGER `ucase_insert` BEFORE INSERT ON `withdraws` FOR EACH ROW SET NEW.wallet_number = UPPER(NEW.wallet_number)
$$
DELIMITER ;

--
-- Indexes for dumped tables
--

--
-- Indexes for table `game_levels`
--
ALTER TABLE `game_levels`
  ADD PRIMARY KEY (`id`);

--
-- Indexes for table `game_logs`
--
ALTER TABLE `game_logs`
  ADD PRIMARY KEY (`id`),
  ADD KEY `user_id` (`user_id`),
  ADD KEY `status` (`status`);

--
-- Indexes for table `payment_methods`
--
ALTER TABLE `payment_methods`
  ADD PRIMARY KEY (`id`);

--
-- Indexes for table `users`
--
ALTER TABLE `users`
  ADD PRIMARY KEY (`id`),
  ADD UNIQUE KEY `username` (`username`),
  ADD UNIQUE KEY `email` (`email`),
  ADD UNIQUE KEY `referral_code` (`referral_code`) USING BTREE;

--
-- Indexes for table `user_referrals`
--
ALTER TABLE `user_referrals`
  ADD PRIMARY KEY (`id`),
  ADD KEY `user_id` (`user_id`),
  ADD KEY `ref_user_id` (`ref_user_id`);

--
-- Indexes for table `withdraws`
--
ALTER TABLE `withdraws`
  ADD PRIMARY KEY (`id`),
  ADD KEY `user_id` (`user_id`),
  ADD KEY `payment_method` (`payment_method`),
  ADD KEY `payment_status` (`payment_status`),
  ADD KEY `not_paid_type` (`not_paid_type`);

--
-- AUTO_INCREMENT for dumped tables
--

--
-- AUTO_INCREMENT for table `game_levels`
--
ALTER TABLE `game_levels`
  MODIFY `id` int(11) NOT NULL AUTO_INCREMENT, AUTO_INCREMENT=4;

--
-- AUTO_INCREMENT for table `game_logs`
--
ALTER TABLE `game_logs`
  MODIFY `id` int(11) NOT NULL AUTO_INCREMENT, AUTO_INCREMENT=427;

--
-- AUTO_INCREMENT for table `payment_methods`
--
ALTER TABLE `payment_methods`
  MODIFY `id` int(11) NOT NULL AUTO_INCREMENT, AUTO_INCREMENT=4;

--
-- AUTO_INCREMENT for table `users`
--
ALTER TABLE `users`
  MODIFY `id` int(11) NOT NULL AUTO_INCREMENT, AUTO_INCREMENT=15;

--
-- AUTO_INCREMENT for table `user_referrals`
--
ALTER TABLE `user_referrals`
  MODIFY `id` int(11) NOT NULL AUTO_INCREMENT, AUTO_INCREMENT=8;

--
-- AUTO_INCREMENT for table `withdraws`
--
ALTER TABLE `withdraws`
  MODIFY `id` int(11) NOT NULL AUTO_INCREMENT, AUTO_INCREMENT=42;
COMMIT;

/*!40101 SET CHARACTER_SET_CLIENT=@OLD_CHARACTER_SET_CLIENT */;
/*!40101 SET CHARACTER_SET_RESULTS=@OLD_CHARACTER_SET_RESULTS */;
/*!40101 SET COLLATION_CONNECTION=@OLD_COLLATION_CONNECTION */;
